fingerprint_id,asset_type,fragment_id,x,y,width,height,output_path
FP_1,target,,140,83,344,512,dataset/reference/fp_1/target.png
FP_1,fragment,1,112,777,105,105,dataset/reference/fp_1/fragments/fragment_1.png
FP_1,fragment,2,246,777,105,105,dataset/reference/fp_1/fragments/fragment_2.png
FP_1,fragment,3,377,777,104,105,dataset/reference/fp_1/fragments/fragment_3.png
FP_1,fragment,4,509,777,104,105,dataset/reference/fp_1/fragments/fragment_4.png
FP_2,target,,914,84,320,511,dataset/reference/fp_2/target.png
FP_2,fragment,1,874,777,105,105,dataset/reference/fp_2/fragments/fragment_1.png
FP_2,fragment,2,1008,777,105,105,dataset/reference/fp_2/fragments/fragment_2.png
FP_2,fragment,3,1139,777,104,105,dataset/reference/fp_2/fragments/fragment_3.png
FP_2,fragment,4,1271,777,104,105,dataset/reference/fp_2/fragments/fragment_4.png
FP_3,target,,137,1041,348,518,dataset/reference/fp_3/target.png
FP_3,fragment,1,112,1735,105,105,dataset/reference/fp_3/fragments/fragment_1.png
FP_3,fragment,2,246,1735,105,105,dataset/reference/fp_3/fragments/fragment_2.png
FP_3,fragment,3,377,1735,104,105,dataset/reference/fp_3/fragments/fragment_3.png
FP_3,fragment,4,510,1735,104,105,dataset/reference/fp_3/fragments/fragment_4.png
FP_4,target,,902,1040,342,515,dataset/reference/fp_4/target.png
FP_4,fragment,1,873,1735,105,105,dataset/reference/fp_4/fragments/fragment_1.png
FP_4,fragment,2,1008,1735,105,105,dataset/reference/fp_4/fragments/fragment_2.png
FP_4,fragment,3,1139,1735,104,105,dataset/reference/fp_4/fragments/fragment_3.png
FP_4,fragment,4,1272,1735,104,105,dataset/reference/fp_4/fragments/fragment_4.png
