source_id,t_seconds,expected_focus,expected_selected,expect_valid,notes
recording_1440p,17.60,C0,,true,round start: focused unselected tile
recording_1440p,18.40,C1,,true,first move resolved: focused unselected tile
recording_1440p,20.70,C5,,true,pre-select dwell: focused unselected tile
recording_1440p,21.10,C5,5,true,post-select dwell: focused selected tile
recording_1440p,22.00,C4,4;5,true,focused selected plus non-focused selected tile
recording_1440p,23.80,C6,4;5;6,true,three selected before the last selection
recording_1440p,28.50,C1,1;4;5;6,true,completed round: four selected
recording_1440p,30.50,C1,1;4;5;6,false,weak overlay edge contests the winner: correctly refused
recording_1440p,32.60,C1,1;4;5;6,false,covering overlay floods a tile: ceiling refuses the frame
recording_1440p,33.40,C1,1;4;5;6,false,covering overlay floods a tile: ceiling refuses the frame
recording_1440p,33.90,C0,,true,round transition in one frame: cleared selection with reset focus
recording_1440p,34.10,C0,,true,next round starts clean
recording_1440p,45.90,C4,1;4;5;6,true,weak overlay edge but the true winner still clears the margin
recording_1440p,48.00,C4,1;4;5;6,false,covering overlay floods tiles beside the true focus
recording_1440p,48.68,C4,1;4;5;6,false,covering overlay floods tiles beside the true focus
recording_1440p,119.50,C0,,true,second hack starts clean
recording_1440p,121.70,C3,3,true,focused selected tile in the second hack
recording_1440p,129.90,C0,,true,transition cleared the selection with reset focus again
recording_1440p,131.40,C2,2,true,focused selected tile
recording_1440p,134.10,C4,2;4;6;7,true,completed round: four selected
recording_1440p,135.00,C4,2;4;6;7,true,weak overlay edge but the true winner still clears the margin
recording_1440p,139.60,,,false,hack-end exit garbage: two tiles read high with no margin
recording_1440p,140.00,,,false,hack-end flash floods tiles: ceiling refuses the frame
recording_1080p,42.00,C0,,true,round start dwell: focused unselected tile
recording_1080p,47.00,C0,0,true,focused selected tile
recording_1080p,52.40,C6,0;1;6,true,focused selected tile on the bottom row
recording_1080p,54.60,C3,0;1;3;6,true,completed round with a weak overlay edge
recording_1080p,60.00,C0,,true,error round starts clean after the transition
recording_1080p,64.00,C6,6,true,focused selected tile
recording_1080p,66.80,C4,4;6,true,focused selected tile
recording_1080p,68.40,C5,4;5;6,true,wrong selection is still a valid control reading: UI not correctness
recording_1080p,72.30,C7,4;5;6;7,true,completed round: focused selected tile on the bottom row
recording_1080p,76.97,C0,4;5;6;7,true,game reset focus to C0 with the wrong selection still set
recording_1080p,80.00,C0,0;4;6;7,true,round completed with the correct set on C0
recording_1080p,82.07,C0,0;4;6;7,false,hack-end overlay floods tiles: ceiling refuses the frame
recording_1080p,135.00,C0,,true,second hack starts clean
recording_1080p,138.50,C6,6,true,focused selected tile
recording_1080p,140.93,C7,6;7,true,focused selected tile on the bottom row
recording_1080p,143.00,C3,3;6;7,true,focused selected tile
recording_1080p,148.50,C1,1;3;6;7,true,completed round: four selected
recording_1080p,153.50,C0,,true,last round starts clean after the transition
recording_1080p,159.50,C6,6,true,focused selected tile on the bottom row
recording_1080p,161.80,C1,1;6,true,focused selected tile
recording_1080p,163.80,C2,1;2;6,true,focused selected tile
recording_1080p,165.41,C7,1;2;6;7,true,completed round on the bottom row
recording_1080p,168.17,C7,1;2;6;7,true,weak overlay edge but the true winner still clears the margin
recording_1080p,169.90,,,false,panel gone after the hack: no winner
